{
  "version": 1,
  "author": "Anonymous maker",
  "editor": "wokwi",
  "parts": [
    { "type": "board-esp32-s3-devkitc-1", "id": "esp", "top": -9.78, "left": -14.63, "attrs": {} },
    {
      "type": "wokwi-pushbutton",
      "id": "btn1",
      "top": 6.2,
      "left": 230.4,
      "attrs": { "color": "green", "xray": "1" }
    },
    {
      "type": "wokwi-pushbutton",
      "id": "btn2",
      "top": 63.8,
      "left": 230.4,
      "attrs": { "color": "green", "xray": "1" }
    },
    {
      "type": "wokwi-pushbutton",
      "id": "btn3",
      "top": 121.4,
      "left": 230.4,
      "attrs": { "color": "green", "xray": "1" }
    },
    {
      "type": "wokwi-pushbutton",
      "id": "btn4",
      "top": 179,
      "left": 230.4,
      "attrs": { "color": "green", "xray": "1" }
    },
    {
      "type": "wokwi-resistor",
      "id": "r1",
      "top": 157.55,
      "left": 115.2,
      "attrs": { "value": "1000" }
    },
    {
      "type": "wokwi-resistor",
      "id": "r2",
      "top": 176.75,
      "left": 115.2,
      "attrs": { "value": "1000" }
    },
    {
      "type": "wokwi-resistor",
      "id": "r3",
      "top": 215.15,
      "left": 115.2,
      "attrs": { "value": "1000" }
    },
    {
      "type": "wokwi-resistor",
      "id": "r4",
      "top": 195.95,
      "left": 115.2,
      "attrs": { "value": "1000" }
    },
    {
      "type": "wokwi-led",
      "id": "led1",
      "top": 121.2,
      "left": -168.6,
      "attrs": { "color": "red", "flip": "1" }
    },
    {
      "type": "wokwi-led",
      "id": "led2",
      "top": 121.2,
      "left": -139.8,
      "attrs": { "color": "blue", "flip": "1" }
    },
    {
      "type": "wokwi-led",
      "id": "led3",
      "top": 121.2,
      "left": -111,
      "attrs": { "color": "yellow", "flip": "1" }
    },
    {
      "type": "wokwi-led",
      "id": "led4",
      "top": 121.2,
      "left": -82.2,
      "attrs": { "color": "limegreen", "flip": "1" }
    },
    {
      "type": "wokwi-resistor",
      "id": "r5",
      "top": 215.15,
      "left": -172.8,
      "attrs": { "value": "1000" }
    }
  ],
  "connections": [
    [ "esp:TX", "$serialMonitor:RX", "", [] ],
    [ "esp:RX", "$serialMonitor:TX", "", [] ],
    [ "esp:2", "btn2:1.r", "blue", [ "h19.2", "v-86.4", "h230.4", "v105.6" ] ],
    [ "esp:42", "btn3:1.r", "gold", [ "h28.8", "v-86.4", "h211.2", "v153.6" ] ],
    [ "esp:41", "btn4:1.r", "green", [ "h38.4", "v-86.4", "h192", "v201.6" ] ],
    [ "esp:1", "btn1:1.r", "red", [ "h9.6", "v-86.4", "h249.6", "v57.6" ] ],
    [ "btn1:2.l", "esp:5V", "white", [ "h-9.6", "v221", "h-240", "v-48" ] ],
    [ "btn2:2.l", "esp:5V", "white", [ "h-9.6", "v163.4", "h-240", "v-48" ] ],
    [ "btn3:2.l", "esp:5V", "white", [ "h-9.6", "v105.8", "h-240", "v-48" ] ],
    [ "btn4:2.l", "esp:5V", "white", [ "h-9.6", "v48.2", "h-240", "v-48" ] ],
    [ "esp:GND.4", "r3:1", "black", [ "h0" ] ],
    [ "esp:GND.4", "r4:1", "black", [ "h28.8", "v-19.2" ] ],
    [ "esp:GND.4", "r2:1", "black", [ "h28.8", "v-38.4" ] ],
    [ "esp:GND.4", "r1:1", "black", [ "h28.8", "v-57.6" ] ],
    [ "r1:2", "btn1:1.l", "black", [ "h8.4", "v-144" ] ],
    [ "r2:2", "btn2:1.l", "black", [ "h18", "v-105.6" ] ],
    [ "r4:2", "btn3:1.l", "black", [ "h27.6", "v-67.2" ] ],
    [ "r3:2", "btn4:1.l", "black", [ "h37.2", "v-28.8" ] ],
    [ "r5:2", "esp:GND.1", "black", [ "h37.2", "v-9.6" ] ],
    [ "r5:1", "led4:C", "black", [ "v-9.6", "h115.6" ] ],
    [ "led3:C", "r5:1", "black", [ "v48", "h-86.8" ] ],
    [ "led2:C", "r5:1", "black", [ "v48", "h-58" ] ],
    [ "led1:C", "r5:1", "black", [ "v48", "h-29.2" ] ],
    [ "led1:A", "esp:4", "red", [ "v38.4", "h-38.4", "v-153.6" ] ],
    [ "led2:A", "esp:5", "blue", [ "v28.8", "h-57.6", "v-134.4" ] ],
    [ "led3:A", "esp:6", "gold", [ "v19.2", "h-76.8", "v-115.2" ] ],
    [ "led4:A", "esp:7", "green", [ "v9.6", "h-96", "v-96" ] ]
  ],
  "dependencies": {}
}